Date,Open,High,Low,Close,Adj Close,Volume,ts_polarity,twitter_volume
14/03/23,2144.350098,2171,2134.399902,2144.199951,2139.375488,2871343,0.070389,1133
15/03/23,2164.199951,2212.449951,2160,2176.649902,2171.752441,3044201,0.070389,1430
16/03/23,2184.899902,2187,2132,2173.600098,2168.709473,2946792,0.070389,1949
17/03/23,2186.699951,2228.899902,2186.699951,2195.75,2190.80957,3286473,0.070389,2289
20/03/23,2191.100098,2205,2152,2177.550049,2172.650635,1996773,0.070389,2235
21/03/23,2182.699951,2227,2182,2208.449951,2203.480957,3178680,0.070389,1222
22/03/23,2219.5,2246.25,2207.899902,2213.949951,2208.968506,1956033,0.070389,1293
23/03/23,2214,2242,2200.550049,2206.649902,2201.684814,2455799,0.070389,1292
24/03/23,2206,2219.350098,2153.050049,2166.149902,2161.276123,1449544,0.070389,1264
27/03/23,2175.050049,2190,2150,2154,2149.153564,1540581,0.070389,1336
28/03/23,2167.75,2169.800049,2122.449951,2133.600098,2128.799561,1627243,0.070389,960
29/03/23,2137.649902,2159.300049,2121,2147.449951,2142.618164,2372385,0.070389,1412
31/03/23,2156.5,2176.949951,2150.550049,2164.199951,2159.330566,1489542,0.070389,1082
03/04/23,2180,2183.5,2155,2170.149902,2165.26709,1231654,0.070389,1200
05/04/23,2170,2262.5,2165,2257.75,2252.669922,2763363,0.070389,874
06/04/23,2257.75,2291.649902,2254.449951,2274.25,2269.132813,2389899,0.070389,1743
10/04/23,2284.899902,2319.899902,2278.050049,2309.699951,2304.503174,1955914,0.070389,5511
11/04/23,2320,2330,2287.300049,2301.5,2296.321533,1342440,0.070389,2143
12/04/23,2304,2312.699951,2281.949951,2288.5,2283.35083,1165839,0.070389,1542
13/04/23,2294.800049,2295,2242.449951,2258.75,2253.667725,1956668,0.070389,660
17/04/23,2258.75,2273.800049,2201.149902,2214,2209.018555,4125850,0.070389,1410
18/04/23,2220,2230,2188,2216.600098,2211.612793,2848601,0.070389,999
19/04/23,2208.100098,2235,2208.100098,2219.600098,2214.605957,1970015,0.070389,1114
20/04/23,2225,2251.449951,2222.25,2232.75,2227.726318,1898996,0.070389,823
21/04/23,2240.149902,2243,2202,2215.199951,2210.21582,1009316,0.070389,795
24/04/23,2220,2232.699951,2186.550049,2228.899902,2223.884766,1239073,0.070389,1188
25/04/23,2231.050049,2254,2218.100098,2247.949951,2242.89209,1350118,0.070389,1045
26/04/23,2247.850098,2287.300049,2244.050049,2276.149902,2271.028564,1894812,0.070389,1194
27/04/23,2275.75,2310,2267.100098,2305.600098,2300.412354,1252989,0.070389,1014
28/04/23,2312.300049,2369,2312.300049,2364.399902,2359.080078,2884961,0.070389,1272
02/05/23,2373.199951,2416.350098,2373.199951,2384.449951,2379.084961,1840153,0.070389,2215
03/05/23,2384.100098,2390,2348.5,2356.300049,2350.998291,998235,0.070389,2418
04/05/23,2361.800049,2381.649902,2342.850098,2356.899902,2351.596924,1230912,0.070389,2226
05/05/23,2357,2406.949951,2357,2377.5,2372.150635,2425866,0.070389,1536
08/05/23,2377.449951,2385,2354.050049,2365.399902,2360.077637,1583576,0.070389,2078
09/05/23,2367.649902,2401.899902,2367.649902,2374.350098,2369.007813,1417301,0.070389,1843
10/05/23,2387,2388.949951,2350,2364.449951,2359.129883,1675409,0.070389,1839
11/05/23,2300,2314.050049,2237.350098,2242.149902,2237.10498,9470848,0.070389,2319
12/05/23,2222.649902,2235,2197.350098,2221.100098,2216.102539,5367292,0.070389,152
15/05/23,2220.899902,2260,2215,2246.850098,2241.794678,2662740,0.070389,1427
16/05/23,2254.600098,2255,2223.100098,2227.199951,2222.188721,2528855,0.070389,1876
17/05/23,2224.350098,2244,2210.199951,2219.600098,2214.605957,1961004,0.070389,1536
18/05/23,2230,2233.550049,2181,2188.199951,2183.276367,2290757,0.070389,1893
19/05/23,2192,2199.050049,2168.5,2190.050049,2185.122314,1729803,0.070389,1116
22/05/23,2190,2222,2178.399902,2216.600098,2211.612793,1112099,0.070389,1703
23/05/23,2225.600098,2228.600098,2194,2197.649902,2192.705078,2265389,0.070389,1113
24/05/23,2200,2208.5,2176,2185.149902,2180.233398,2648479,0.070389,1289
25/05/23,2190,2207.300049,2178,2204.699951,2199.739258,1689521,0.070389,1817
26/05/23,2209,2220.75,2201,2218.449951,2213.458496,1249128,0.070389,868
29/05/23,2225,2241.800049,2220.199951,2224.550049,2219.544678,1369656,0.070389,1446
30/05/23,2230,2237,2207.199951,2210.800049,2205.825684,1716729,0.070389,1561
31/05/23,2201.100098,2224,2200,2205.649902,2200.687256,2809284,0.070389,1911
01/06/23,2217,2222,2202.149902,2207.800049,2202.83252,1049488,0.070389,1406
02/06/23,2221,2237.300049,2212.149902,2234.550049,2229.522217,1399950,0.070389,3052
05/06/23,2245,2272.800049,2240,2268.300049,2263.196289,2344944,0.070389,3841
06/06/23,2269,2280.699951,2263.699951,2277.949951,2272.824463,1677680,0.070389,1866
07/06/23,2278,2318,2278,2315.5,2310.290039,2128603,0.070389,1883
08/06/23,2316.949951,2345.050049,2312.75,2340.300049,2335.034424,2556995,0.070389,1086
09/06/23,2345,2368.850098,2338.25,2363,2357.683105,2501720,0.070389,2138
12/06/23,2365,2370,2333.100098,2339.949951,2334.685059,1172382,0.070389,2037
13/06/23,2345.850098,2357.899902,2327.100098,2354.399902,2349.102539,1688768,0.070389,536
14/06/23,2352.899902,2360,2340,2355.050049,2349.751221,1013564,0.070389,1066
15/06/23,2355,2369.5,2349,2361.300049,2355.987061,2561534,0.070389,1124
16/06/23,2363.75,2380,2352.25,2366.800049,2361.474609,1794542,0.070389,1541
19/06/23,2379,2419.899902,2361,2366.350098,2361.025879,3111256,0.070389,1287
20/06/23,2364.949951,2389.649902,2354.449951,2382,2376.640381,1771306,0.070389,1354
21/06/23,2382,2412,2382,2394.449951,2389.0625,1607299,0.070389,1359
22/06/23,2394.600098,2424,2380,2416.25,2410.813477,1741775,0.070389,841
23/06/23,2418.949951,2427,2383.25,2389.550049,2384.173584,1212955,0.070389,1226
26/06/23,2398.100098,2403.850098,2367.949951,2377.550049,2372.200439,793572,0.070389,1283
27/06/23,2387.449951,2396.949951,2371.550049,2388.050049,2382.677002,1012317,0.070389,1315
28/06/23,2400,2432.899902,2390.050049,2421.449951,2416.001709,1734938,0.070389,1791
30/06/23,2420,2483.5,2415.050049,2475.550049,2469.97998,2690699,0.070389,1127
03/07/23,2478.199951,2492.399902,2448,2454.050049,2448.52832,1078456,0.070389,2051
04/07/23,2458.199951,2484.399902,2458.199951,2461.850098,2456.310791,1441581,0.070389,1392
05/07/23,2461,2484.949951,2454.350098,2470.800049,2465.240723,1191896,0.070389,1314
06/07/23,2468.100098,2499.949951,2467.550049,2488.600098,2483.000732,1796824,0.070389,1663
07/07/23,2482.75,2504,2444.600098,2449.350098,2443.839111,1837661,0.070389,1145
10/07/23,2450,2463.350098,2420,2438.75,2433.262695,1178479,0.070389,2086
11/07/23,2447.199951,2479,2447.199951,2474.550049,2468.982178,1219658,0.070389,7083
12/07/23,2480.300049,2485.949951,2447.800049,2454.949951,2449.42627,1822435,0.070389,2798
13/07/23,2466,2484.899902,2446.25,2450.149902,2444.636963,1141663,0.070389,3014
14/07/23,2450.25,2477.050049,2448.649902,2472.25,2466.6875,845623,0.070389,1183
17/07/23,2475,2494,2465,2468.800049,2463.245117,878697,0.070389,2439
18/07/23,2469,2489.949951,2468.100098,2474.699951,2469.131836,720865,0.070389,2011
19/07/23,2474.600098,2502.949951,2466.399902,2494.149902,2488.538086,1431080,0.070389,1654
20/07/23,2494,2495.699951,2469.050049,2489.699951,2484.098145,1045704,0.070389,2110
21/07/23,2522,2595,2521.100098,2586.25,2580.430908,4610417,0.070389,920
24/07/23,2637.649902,2638,2583.899902,2605.25,2599.388184,2155297,0.070389,1377
25/07/23,2616,2617.75,2553,2560.899902,2555.137939,2068876,0.070389,1350
26/07/23,2591,2673.850098,2585,2646.25,2640.295898,5820099,0.070389,2486
27/07/23,2668.949951,2676.350098,2646.449951,2660.199951,2654.214355,2117794,0.070389,2550
28/07/23,2660.149902,2668.149902,2625,2649.550049,2643.588623,1325724,0.070389,2587
31/07/23,2655,2690,2631.100098,2681.350098,2675.317139,1284981,0.070389,2553
01/08/23,2681.350098,2689,2655.350098,2666.649902,2660.649902,1298745,0.070389,1847
02/08/23,2638,2644.949951,2602.699951,2622.149902,2622.149902,1479486,0.070389,1528
03/08/23,2615,2642.75,2586.300049,2598.100098,2598.100098,1612618,0.070389,1587
04/08/23,2605,2635,2598.5,2626.899902,2626.899902,1101278,0.070389,1226
07/08/23,2628,2654,2623.100098,2635.899902,2635.899902,1163125,0.070389,1699
08/08/23,2639.050049,2649.5,2628.300049,2632.199951,2632.199951,767310,0.070389,1957
09/08/23,2635,2655,2615.25,2651.600098,2651.600098,906865,0.070389,1805
10/08/23,2640.100098,2661.600098,2621.649902,2643.5,2643.5,1040041,0.070389,1414
11/08/23,2642.050049,2656.899902,2631.25,2638.5,2638.5,1320121,0.070389,285
14/08/23,2637,2663.550049,2616,2659.899902,2659.899902,1364413,0.070389,822
16/08/23,2669,2695,2652.050049,2691.050049,2691.050049,1703875,0.070389,1692
17/08/23,2691.050049,2691.050049,2642,2652.5,2652.5,1629067,0.070389,1338
18/08/23,2650,2674.699951,2632.75,2641.949951,2641.949951,1898966,0.070389,749
21/08/23,2641.850098,2666.600098,2623.449951,2662.25,2662.25,1376318,0.070389,1021
22/08/23,2668,2685.649902,2662,2678.800049,2678.800049,1497180,0.070389,1026
23/08/23,2689.550049,2726,2682.449951,2717.600098,2717.600098,1990672,0.070389,1465
24/08/23,2747.5,2766.800049,2680.600098,2688.149902,2688.149902,2619182,0.070389,1454
25/08/23,2677.449951,2682.699951,2631,2638.399902,2638.399902,1408427,0.070389,1200
28/08/23,2653.550049,2700,2650.050049,2695.350098,2695.350098,1551734,0.070389,3961
29/08/23,2710,2722.100098,2696.300049,2718.949951,2718.949951,1101830,0.070389,1666
30/08/23,2722.949951,2737.649902,2707,2709,2709,1920079,0.070389,1179
31/08/23,2720,2724.600098,2678.350098,2702.699951,2702.699951,2439625,0.070389,1271
01/09/23,2710,2715.949951,2688.300049,2702.100098,2702.100098,1263430,0.070389,1119
04/09/23,2733,2742,2705,2711.100098,2711.100098,1548282,0.070389,1544
05/09/23,2720.5,2739,2720,2732.949951,2732.949951,1066447,0.070389,1346
06/09/23,2740,2742.800049,2712,2730.449951,2730.449951,1747425,0.070389,1020
07/09/23,2733,2855.949951,2730,2846.399902,2846.399902,4100519,0.070389,1090
08/09/23,2888,2928.699951,2872.449951,2901.600098,2901.600098,3638510,0.070389,815
11/09/23,2905,2926,2890.050049,2894.199951,2894.199951,1545803,0.070389,859
12/09/23,2951.600098,3009,2932.449951,2944.100098,2944.100098,7788759,0.070389,1029
13/09/23,2943.5,2943.699951,2888.449951,2906.75,2906.75,2458417,0.070389,209
14/09/23,2924.899902,2931.649902,2906,2918.600098,2918.600098,1910041,0.070389,1002
15/09/23,2933,2934.949951,2900,2908.550049,2908.550049,1655275,0.070389,809
18/09/23,2910,2930,2907,2919.850098,2919.850098,736631,0.070389,1015
20/09/23,2926.949951,2944.949951,2886.050049,2890,2890,1399240,0.070389,897
21/09/23,2885.050049,2905.100098,2846.050049,2899.350098,2899.350098,2444711,0.070389,976
22/09/23,2908.699951,2936.449951,2902.25,2918.5,2918.5,1965569,0.070389,656
25/09/23,2917.949951,2923.800049,2871,2902.5,2902.5,1049532,0.070389,924
26/09/23,2915,2944,2910,2912.550049,2912.550049,953456,0.070389,774
27/09/23,2922,2994.899902,2911.649902,2965.050049,2965.050049,2903693,0.070389,1276
28/09/23,2989,3050.5,2978.25,3010,3010,4081102,0.070389,944
29/09/23,3040,3058.350098,3005.25,3023.550049,3023.550049,2698016,0.070389,1010
03/10/23,3040.5,3077.449951,2995.100098,3073.25,3073.25,3254492,0.070389,1170
04/10/23,3064.100098,3064.100098,2990.050049,3027.75,3027.75,3100946,0.070389,1116
05/10/23,3032.550049,3114.899902,3032.550049,3096.050049,3096.050049,3413447,0.070389,1345
06/10/23,3114.949951,3114.949951,3073.149902,3093.699951,3093.699951,1898118,0.070389,1202
09/10/23,3075,3085,3055.550049,3074.699951,3074.699951,1181760,0.070389,1213
10/10/23,3073.850098,3099,3072.149902,3076,3076,1551789,0.070389,1865
11/10/23,3090,3110,3084.399902,3088.699951,3088.699951,2066921,0.070389,5173
12/10/23,3094,3105.050049,3067.050049,3081.75,3081.75,1870280,0.070389,2342
13/10/23,3067.75,3099,3063.5,3089.600098,3089.600098,1437808,0.070389,1570
16/10/23,3098.949951,3113.25,3074.699951,3101.899902,3101.899902,818794,0.070389,812
17/10/23,3109.899902,3114.199951,3063,3066.300049,3066.300049,1847182,0.070389,1707
18/10/23,3068.649902,3079.149902,3037.149902,3045.600098,3045.600098,1350839,0.070389,885
19/10/23,3025.600098,3069.899902,3007.149902,3054.399902,3054.399902,1599104,0.070389,1513
20/10/23,3039.949951,3056.25,2977.300049,3012.350098,3012.350098,1667471,0.070389,1476
23/10/23,3003,3006.899902,2949,2958.300049,2958.300049,1614030,0.070389,1178
25/10/23,2959,2965.5,2910.300049,2916.100098,2916.100098,2108353,0.070389,1563
26/10/23,2906,2916.149902,2857.050049,2864.600098,2864.600098,3286109,0.070389,1618
27/10/23,2864.649902,2910.550049,2857.649902,2901.899902,2901.899902,2399538,0.070389,1677
30/10/23,2899.199951,2932,2856.149902,2926.350098,2926.350098,1693052,0.070389,992
31/10/23,2929.949951,2951.550049,2907.949951,2929.050049,2929.050049,1556467,0.070389,1482
01/11/23,2947.449951,2983.149902,2871.050049,2895.300049,2895.300049,3875595,0.070389,2193
02/11/23,2935,2937.850098,2903.199951,2918.100098,2918.100098,1451606,0.070389,1715
03/11/23,2934,2948.050049,2905,2911.25,2911.25,1136175,0.070389,1238
06/11/23,2933,2979,2927.25,2975.449951,2975.449951,1235499,0.070389,1345
07/11/23,2970,2983.600098,2956.100098,2961.300049,2961.300049,1112206,0.070389,1122
08/11/23,2974.699951,3002.75,2961,2996.449951,2996.449951,1013438,0.070389,1331
09/11/23,3003,3028.699951,2997,3024.850098,3024.850098,1719911,0.070389,1158
10/11/23,3021.050049,3044,3005.25,3033.25,3033.25,947753,0.070389,1733
13/11/23,3050,3054.350098,3031.649902,3048.5,3048.5,531769,0.070389,1921
15/11/23,3062.350098,3071.050049,3055,3064.949951,3064.949951,1160184,0.070389,1548
16/11/23,3057.949951,3082.100098,3045,3051.149902,3051.149902,1597607,0.070389,4271
17/11/23,3050,3115.449951,3045.149902,3109,3109,1325050,0.070389,1088
20/11/23,3095.100098,3111.949951,3076.199951,3088.800049,3088.800049,1231164,0.070389,1774
21/11/23,3088.5,3099,3062.449951,3074.850098,3074.850098,1884782,0.070389,2159
22/11/23,3074.850098,3088.649902,3062.5,3082.300049,3082.300049,1104208,0.070389,1117
23/11/23,3080,3088,3031.050049,3045.649902,3045.649902,1514688,0.070389,4486
24/11/23,3050,3067,3039.600098,3054.25,3054.25,915121,0.070389,7025
28/11/23,3054,3059.149902,3035,3050,3050,1210508,0.070389,5594
29/11/23,3050,3089.899902,3049,3083.75,3083.75,1801107,0.070389,1652
30/11/23,3076.300049,3124.550049,3058.699951,3109.199951,3109.199951,3131624,0.070389,2522
01/12/23,3129.949951,3197.949951,3121.050049,3190.649902,3190.649902,2112908,0.070389,3897
04/12/23,3285,3347.550049,3250,3313.550049,3313.550049,3095974,0.070389,3610
05/12/23,3319.050049,3325,3279.050049,3315.449951,3315.449951,1659309,0.070389,3476
06/12/23,3330,3401,3321,3392.300049,3392.300049,2057233,0.070389,1732
07/12/23,3392.300049,3409.899902,3337.050049,3355.600098,3355.600098,2128823,0.070389,1809
08/12/23,3377,3430,3366,3378.449951,3378.449951,2428891,0.070389,2227
11/12/23,3377.949951,3405,3360,3385.800049,3385.800049,1534238,0.070389,1756
12/12/23,3375,3375,3332,3342.399902,3342.399902,1888423,0.070389,1706
13/12/23,3352.949951,3410,3346.199951,3399.800049,3399.800049,1509107,0.070389,1211
14/12/23,3425.949951,3440,3400.100098,3433.100098,3433.100098,2425646,0.070389,1270
15/12/23,3435.149902,3498.899902,3432.850098,3488,3488,2632935,0.070389,1423
18/12/23,3496,3506,3466,3491.600098,3491.600098,1767429,0.070389,1861
19/12/23,3488.949951,3525,3476.050049,3498.949951,3498.949951,1311700,0.070389,395
20/12/23,3505,3514.600098,3412.550049,3418.5,3418.5,1876048,0.070389,964
21/12/23,3390.050049,3439.949951,3333,3424.149902,3424.149902,2292802,0.070389,1197
22/12/23,3424,3496,3408.600098,3477.949951,3477.949951,1681707,0.070389,1102
26/12/23,3477.949951,3508.350098,3477.949951,3490.050049,3490.050049,1072263,0.070389,1289
27/12/23,3510,3549,3504.149902,3544,3544,1389266,0.070389,951
28/12/23,3545,3559.949951,3500.5,3518.050049,3518.050049,3371121,0.070389,875
29/12/23,3531,3540,3495,3526,3526,968577,0.070389,1736
01/01/24,3538,3538,3496.050049,3525.449951,3525.449951,777080,0.070389,1506
02/01/24,3525.050049,3525.449951,3432,3438.100098,3438.100098,1511464,0.070389,1104
03/01/24,3433,3465.850098,3411.600098,3440.350098,3440.350098,1283859,0.070389,1005
04/01/24,3441.050049,3480.100098,3423,3458.699951,3458.699951,1651616,0.070389,972
05/01/24,3464.949951,3555,3460,3521.899902,3521.899902,2069018,0.070389,1388
08/01/24,3540,3559.949951,3490,3501.100098,3501.100098,1993855,0.070389,1192
09/01/24,3527.449951,3593.75,3520.100098,3555.949951,3555.949951,1807271,0.070389,1149
10/01/24,3549.949951,3558.949951,3520,3545.5,3545.5,1534821,0.070389,974
11/01/24,3545.5,3559.550049,3500.550049,3504.850098,3504.850098,1105348,0.070389,1165
12/01/24,3505.050049,3578.649902,3494.050049,3568.800049,3568.800049,1782631,0.070389,1986
15/01/24,3576.100098,3605.699951,3538.050049,3543.050049,3543.050049,1783518,0.070389,5213
16/01/24,3548,3589,3538,3573.5,3573.5,1791818,0.070389,2406
17/01/24,3555,3614.449951,3547.699951,3570.949951,3570.949951,2699076,0.070389,2886
18/01/24,3570.800049,3616.949951,3525,3596,3596,2148898,0.070389,175
19/01/24,3603,3655.850098,3603,3646,3646,1913923,0.070389,1014
23/01/24,3637.600098,3661.350098,3536.199951,3551,3551,1742142,0.070389,1375
24/01/24,3570,3617.949951,3521.699951,3589.199951,3589.199951,3711521,0.070389,1128
25/01/24,3599.899902,3618.25,3564.800049,3593.449951,3593.449951,2206540,0.070389,1026
29/01/24,3604,3733.850098,3600.100098,3708,3708,2072982,0.070389,948
30/01/24,3715.949951,3737.899902,3624.899902,3633.300049,3633.300049,1454989,0.070389,1032
31/01/24,3520,3538,3387.050049,3479.75,3479.75,9637606,0.070389,1135
01/02/24,3480,3493.75,3371,3398,3398,6149780,0.070389,1140
02/02/24,3402.699951,3436.350098,3361,3376.050049,3376.050049,7579802,0.070389,978
05/02/24,3375.5,3407.949951,3318.449951,3341.75,3341.75,2954238,0.070389,925
06/02/24,3346,3427.75,3337.550049,3424.25,3424.25,2545192,0.070389,1332
07/02/24,3445,3447,3389,3394.699951,3394.699951,2099940,0.070389,1366
08/02/24,3413,3417.800049,3293.850098,3335.5,3335.5,3471727,0.070389,1139
09/02/24,3336.25,3390,3308.949951,3324.550049,3324.550049,3121873,0.070389,1111
12/02/24,3330,3339.149902,3287,3299.550049,3299.550049,1922273,0.070389,1169
13/02/24,3312,3338.550049,3284.100098,3321.5,3321.5,2151493,0.070389,1207
14/02/24,3290.050049,3316.949951,3263.050049,3309,3309,2502138,0.070389,1011
15/02/24,3309,3321.949951,3290.199951,3300.300049,3300.300049,1999189,0.070389,816
16/02/24,3304.949951,3398,3304.050049,3386.75,3386.75,2768329,0.070389,859
19/02/24,3400.550049,3408,3335.5,3339.850098,3339.850098,1216447,0.070389,1156
20/02/24,3339.850098,3367.75,3328.449951,3356.75,3356.75,1578162,0.070389,330
21/02/24,3356.899902,3356.899902,3290.050049,3296.399902,3296.399902,2430672,0.070389,768
22/02/24,3310,3369,3276.949951,3363.75,3363.75,2521388,0.070389,996
23/02/24,3363.75,3399.899902,3340.75,3387.949951,3387.949951,2107176,0.070389,744
26/02/24,3400,3491.649902,3393,3470.149902,3470.149902,4122419,0.070389,1125
27/02/24,3475,3512,3451.899902,3506.449951,3506.449951,2122286,0.070389,1631
28/02/24,3505,3513,3446.149902,3470.199951,3470.199951,1666903,0.070389,1655
29/02/24,3485,3496,3436.449951,3477.550049,3477.550049,2119512,0.070389,1344
01/03/24,3501.649902,3658.350098,3500,3633.5,3633.5,4407803,0.070389,724
04/03/24,3670,3679.800049,3622.050049,3644.449951,3644.449951,1307501,0.070389,1641
05/03/24,3631.199951,3644.449951,3590.300049,3612.600098,3612.600098,1981370,0.070389,1523
06/03/24,3618,3652.449951,3586.050049,3642.199951,3642.199951,1500196,0.070389,1156
07/03/24,3660.75,3705.149902,3643.25,3676.949951,3676.949951,2344401,0.070389,1120
11/03/24,3700,3700,3631.449951,3640.600098,3640.600098,1748541,0.070389,779
12/03/24,3639.050049,3672,3613.149902,3621.649902,3621.649902,1470377,0.070389,1014
13/03/24,3634.899902,3636.800049,3511.899902,3538.550049,3538.550049,2502546,0.070389,1023
,,,,,,,0.070389,1031
,,,,,,,0.070389,794
,,,,,,,0.070389,699
,,,,,,,0.070389,800
,,,,,,,0.070389,835
,,,,,,,0.070389,788
,,,,,,,0.070389,739
,,,,,,,0.070389,830
,,,,,,,0.070389,1337
,,,,,,,0.070389,1265
,,,,,,,0.070389,1120
,,,,,,,0.070389,1411
,,,,,,,0.070389,1189
,,,,,,,0.070389,1284
,,,,,,,0.070389,1175
,,,,,,,0.070389,955
,,,,,,,0.070389,993
,,,,,,,0.070389,1015
,,,,,,,0.070389,730
,,,,,,,0.070389,931
,,,,,,,0.070389,1098
,,,,,,,0.070389,1247
,,,,,,,0.070389,1194
,,,,,,,0.070389,907
,,,,,,,0.070389,962
,,,,,,,0.070389,392
,,,,,,,0.084511,2816
,,,,,,,0.067226,2088
,,,,,,,0.056008,1360
,,,,,,,0.034432,872
,,,,,,,0.062669,1254
,,,,,,,0.078209,1261
,,,,,,,0.083953,1037
,,,,,,,0.019754,1067
,,,,,,,0.00837,1197
,,,,,,,-0.005932,1703
,,,,,,,0.040636,1801
,,,,,,,0.065215,1123
,,,,,,,0.076694,1000
,,,,,,,0.066068,919
,,,,,,,0.085419,1132
,,,,,,,0.068798,1011
,,,,,,,0.031932,1038
,,,,,,,0.070009,1046
,,,,,,,0.060035,380
,,,,,,,0.120264,740
,,,,,,,0.081095,1018
,,,,,,,0.057957,972
,,,,,,,0.059286,724
,,,,,,,0.078694,896
,,,,,,,0.017571,323
,,,,,,,0.207312,483
,,,,,,,0.165477,582
,,,,,,,0.114218,84
,,,,,,,0.100752,379
,,,,,,,0.03853,590
,,,,,,,0.057112,802
,,,,,,,0.047598,728
,,,,,,,0.099788,504
,,,,,,,0.100939,1450
,,,,,,,0.042186,1094
,,,,,,,0.092029,715
,,,,,,,0.034856,698
,,,,,,,0.131442,571
,,,,,,,0.108654,129
,,,,,,,0.039046,643
,,,,,,,0.125301,723
,,,,,,,0.113789,148
,,,,,,,0.11862,630
,,,,,,,0.07083,677
,,,,,,,0.081639,753
,,,,,,,0.008184,588
,,,,,,,0.083435,480
,,,,,,,0.087082,365
,,,,,,,0.064397,709
,,,,,,,0.089706,584
,,,,,,,0.021676,666
,,,,,,,0.127708,396
,,,,,,,0.10448,547
,,,,,,,0.098057,603
,,,,,,,0.084313,622
,,,,,,,0.124407,455
,,,,,,,0.133808,422
,,,,,,,0.137049,599
,,,,,,,0.174989,614
,,,,,,,0.08658,532
,,,,,,,0.083742,702
,,,,,,,0.201838,872
,,,,,,,0.140143,1545
,,,,,,,0.067904,3261
,,,,,,,0.074751,1183
,,,,,,,0.079647,938
,,,,,,,0.068484,1206
,,,,,,,0.073675,1258
,,,,,,,0.092336,908
,,,,,,,0.103707,694
,,,,,,,0.049696,977
,,,,,,,0.10186,628
,,,,,,,0.155002,754
,,,,,,,0.068134,975
,,,,,,,0.108867,809
,,,,,,,0.078467,599
,,,,,,,0.117808,568
,,,,,,,0.082425,790
,,,,,,,0.142679,680
,,,,,,,0.129813,642
,,,,,,,0.123411,603
,,,,,,,0.076451,556
,,,,,,,0.197093,183
,,,,,,,0.038792,404
,,,,,,,-0.008182,617
,,,,,,,0.054624,1189
,,,,,,,0.036093,1524
,,,,,,,0.061719,922
,,,,,,,0.07249,654
,,,,,,,0.035085,799
,,,,,,,0.049488,1230
,,,,,,,0.108688,1217
,,,,,,,0.106188,748
,,,,,,,0.109936,987
,,,,,,,0.034958,680
,,,,,,,0.13098,704
,,,,,,,0.044504,674
,,,,,,,0.148296,632
,,,,,,,0.0563,665
,,,,,,,0.174544,700
,,,,,,,0.112138,559
,,,,,,,0.131607,790
,,,,,,,0.09863,732
,,,,,,,0.106009,794
,,,,,,,-0.049457,227
,,,,,,,0.124154,506
,,,,,,,0.124004,590
,,,,,,,0.132607,737
,,,,,,,0.134509,796
,,,,,,,0.145755,665
,,,,,,,0.107917,755
,,,,,,,0.136336,937
,,,,,,,0.123192,848
,,,,,,,0.112713,686
,,,,,,,0.093833,651
,,,,,,,0.081785,666
,,,,,,,0.152928,966
,,,,,,,0.108142,796
,,,,,,,0.170014,664
,,,,,,,0.144565,515
,,,,,,,0.145839,802
,,,,,,,0.124185,779
,,,,,,,0.075013,873
,,,,,,,0.039809,701
,,,,,,,0.001904,73
,,,,,,,0.116206,910
,,,,,,,0.092774,3992
,,,,,,,0.102283,1221
,,,,,,,0.128386,759
,,,,,,,0.001804,631
,,,,,,,0.130782,940
,,,,,,,0.196692,1413
,,,,,,,0.13838,1167
,,,,,,,0.084334,935
,,,,,,,0.134391,751
,,,,,,,0.108771,1137
,,,,,,,0.065277,1044
,,,,,,,0.088679,929
,,,,,,,0.114591,777
,,,,,,,0.141741,651
,,,,,,,0.137178,816
,,,,,,,0.14455,942
,,,,,,,0.168188,789
,,,,,,,0.077224,809
,,,,,,,0.133393,658
,,,,,,,0.099367,1469
,,,,,,,0.097844,1322
,,,,,,,0.214643,255
,,,,,,,0.060777,664
,,,,,,,0.142388,737
,,,,,,,0.090357,931
,,,,,,,0.077955,935
,,,,,,,0.096742,930
,,,,,,,0.122842,1196
,,,,,,,0.073457,496
,,,,,,,0.049481,1378
,,,,,,,0.03657,1485
,,,,,,,0.11965,1474
,,,,,,,0.145052,838
,,,,,,,0.122498,1173
,,,,,,,0.076857,1416
,,,,,,,0.064336,1118
,,,,,,,0.028668,1345
,,,,,,,0.09603,1216
,,,,,,,0.124523,1266
,,,,,,,0.150307,902
,,,,,,,0.108397,871
,,,,,,,0.097502,770
,,,,,,,0.126126,700
,,,,,,,0.108493,787
,,,,,,,0.11958,929
,,,,,,,0.07156,844
,,,,,,,0.083661,805
,,,,,,,0.163955,629
,,,,,,,0.086312,862
,,,,,,,0.095576,840
,,,,,,,0.130315,697
,,,,,,,0.064765,725
,,,,,,,0.109475,855
,,,,,,,0.147413,864
,,,,,,,0.144474,830
,,,,,,,0.086942,1286
,,,,,,,0.104581,924
,,,,,,,0.060064,709
,,,,,,,0.099236,902
,,,,,,,0.122984,779
,,,,,,,0.042464,658
,,,,,,,0.106837,1149
,,,,,,,0.115592,955
,,,,,,,0.111581,293
,,,,,,,0.161153,795
,,,,,,,0.114656,1116
,,,,,,,0.080306,3260
,,,,,,,0.135742,818
,,,,,,,0.093989,1034
,,,,,,,0.112312,927
,,,,,,,0.129242,1181
,,,,,,,0.112702,990
,,,,,,,0.172174,569
,,,,,,,0.105313,743
,,,,,,,0.129741,1057
,,,,,,,0.167618,1108
,,,,,,,0.141613,801
,,,,,,,0.189701,622
,,,,,,,0.137722,829
,,,,,,,0.072314,971
,,,,,,,0.154409,488
,,,,,,,0.178613,553
,,,,,,,0.120964,690
,,,,,,,0.128919,1045
,,,,,,,0.109809,292
,,,,,,,0.047895,99
,,,,,,,0.124902,737
,,,,,,,0.170261,903
,,,,,,,0.124656,897
,,,,,,,0.099362,877
,,,,,,,0.127265,848
,,,,,,,0.177436,769
,,,,,,,0.175785,994
,,,,,,,0.193556,910
,,,,,,,0.161244,838
,,,,,,,0.131608,794
,,,,,,,0.136346,723
,,,,,,,0.140535,1198
,,,,,,,0.085899,956
,,,,,,,0.171373,1136
,,,,,,,0.124002,956
,,,,,,,0.083683,1020
,,,,,,,0.112485,1201
,,,,,,,0.092333,1046
,,,,,,,0.10527,988
,,,,,,,0.09563,839
,,,,,,,0.112818,933
,,,,,,,0.131831,851
,,,,,,,0.105427,280
,,,,,,,0.143506,851
,,,,,,,0.12345,1023
,,,,,,,0.135251,919
,,,,,,,0.128479,856
,,,,,,,0.108826,891
,,,,,,,0.13166,851
,,,,,,,0.123739,1077
,,,,,,,0.088208,1686
,,,,,,,0.110901,1045
,,,,,,,0.221526,144
,,,,,,,0.060051,176
,,,,,,,0.101985,1483
,,,,,,,0.1437,1278
,,,,,,,0.194284,1512
,,,,,,,0.132828,1607
,,,,,,,0.088759,1761
,,,,,,,0.111076,438
,,,,,,,0.225824,1017
,,,,,,,0.093136,3586
,,,,,,,0.171198,1241
,,,,,,,0.116266,1616
,,,,,,,0.111367,1485
,,,,,,,0.121251,1158
,,,,,,,0.150947,1091
,,,,,,,0.159693,896
,,,,,,,0.117026,1083
,,,,,,,0.159612,1117
,,,,,,,0.151502,1252
,,,,,,,0.192074,1078
,,,,,,,0.125644,776
,,,,,,,0.194037,900
,,,,,,,0.131942,937
,,,,,,,0.156135,861
,,,,,,,0.120315,1044
,,,,,,,0.127301,1225
,,,,,,,0.178207,297
,,,,,,,0.116123,727
,,,,,,,0.170781,1024
,,,,,,,0.121145,726
,,,,,,,0.095917,832
,,,,,,,0.137702,772
,,,,,,,0.142436,736
,,,,,,,0.167129,730
,,,,,,,0.053649,833
,,,,,,,0.146882,1018
,,,,,,,0.139379,789
,,,,,,,0.068472,787
,,,,,,,0.168005,660
,,,,,,,0.141729,468
,,,,,,,0.09938,944
,,,,,,,0.167994,891
,,,,,,,0.217869,763
,,,,,,,0.232694,1021
,,,,,,,0.156042,772
,,,,,,,0.143258,1104
,,,,,,,0.087887,1162
,,,,,,,0.145023,969
,,,,,,,0.208372,857
,,,,,,,0.148528,1139
,,,,,,,0.074616,999
,,,,,,,0.181883,853
,,,,,,,0.114677,761
,,,,,,,0.117403,674
,,,,,,,0.163839,797
,,,,,,,0.191313,796
,,,,,,,0.145607,817
,,,,,,,0.141793,815
,,,,,,,0.217356,489
,,,,,,,0.215823,635
,,,,,,,0.176558,526
,,,,,,,0.081189,769
,,,,,,,0.052586,1309
,,,,,,,0.09169,740
,,,,,,,0.103302,824
,,,,,,,0.078718,897
,,,,,,,0.070401,715
,,,,,,,0.071331,825
,,,,,,,0.116465,93
,,,,,,,0.122136,1057
,,,,,,,0.105336,3699
,,,,,,,0.087825,1129
,,,,,,,0.097161,1848
,,,,,,,0.078524,1197
,,,,,,,0.040272,1070
,,,,,,,0.115875,790
,,,,,,,0.129552,1011
,,,,,,,0.097983,962
,,,,,,,0.113398,729
,,,,,,,0.105456,862
,,,,,,,0.102435,929
,,,,,,,0.119373,800
,,,,,,,0.141498,709
,,,,,,,0.113115,675
,,,,,,,0.141728,781
,,,,,,,0.13875,762
,,,,,,,0.095674,894
,,,,,,,0.063653,848
,,,,,,,0.10139,835
,,,,,,,0.155204,854
,,,,,,,0.185514,203
,,,,,,,0.145388,672
,,,,,,,0.116022,1269
,,,,,,,0.113615,1507
,,,,,,,0.129222,887
,,,,,,,0.129948,827
,,,,,,,0.133291,1069
,,,,,,,0.14389,743
,,,,,,,0.110288,810
,,,,,,,0.1045,796
,,,,,,,0.153914,845
,,,,,,,0.184948,905
,,,,,,,0.158655,702
,,,,,,,0.155787,978
,,,,,,,0.12291,803
,,,,,,,0.122411,794
,,,,,,,0.164293,721
,,,,,,,0.127917,746
,,,,,,,0.127326,897
,,,,,,,0.15912,813
,,,,,,,0.118598,849
,,,,,,,0.18971,647
,,,,,,,0.168705,473
,,,,,,,0.144822,519
,,,,,,,0.118535,484
,,,,,,,0.138592,557
,,,,,,,0.173258,538
,,,,,,,0.189341,665
,,,,,,,0.131696,742
,,,,,,,0.174189,614
,,,,,,,0.197081,666
,,,,,,,0.176379,428
,,,,,,,0.143501,620
,,,,,,,0.224348,581
,,,,,,,0.135689,678
,,,,,,,0.148653,602
,,,,,,,0.183509,515
,,,,,,,0.171937,683
,,,,,,,0.092302,581
,,,,,,,0.141137,826
,,,,,,,0.120116,658
,,,,,,,0.135338,828
,,,,,,,0.107161,274
,,,,,,,0.129195,2636
,,,,,,,0.122725,3770
,,,,,,,0.110453,2242
,,,,,,,0.099807,834
,,,,,,,0.116948,1111
,,,,,,,0.136759,854
,,,,,,,0.152291,903
,,,,,,,0.128169,791
,,,,,,,0.150553,607
,,,,,,,0.12203,777
,,,,,,,0.164055,896
,,,,,,,0.122468,947
,,,,,,,0.120225,1056
,,,,,,,0.105559,817
,,,,,,,0.150572,953
,,,,,,,0.151107,771
,,,,,,,0.156024,721
,,,,,,,0.122772,735
,,,,,,,0.181186,667
,,,,,,,0.157027,922
,,,,,,,0.17714,942
,,,,,,,0.124621,1515
,,,,,,,0.09109,468
,,,,,,,0.146104,999
,,,,,,,0.128024,1218
,,,,,,,0.150683,988
,,,,,,,0.13602,913
,,,,,,,0.110129,1132
,,,,,,,0.152624,1245
,,,,,,,0.073452,2216
,,,,,,,0.060384,1984
,,,,,,,0.085896,1195
,,,,,,,0.136072,970
,,,,,,,0.10764,1158
,,,,,,,0.119396,924
,,,,,,,0.121235,914
,,,,,,,0.156072,859
,,,,,,,0.143324,791
,,,,,,,0.139436,911
,,,,,,,0.170823,788
,,,,,,,0.123479,1052
,,,,,,,0.163817,782
,,,,,,,0.147112,533
,,,,,,,0.122936,874
,,,,,,,0.110863,1047
,,,,,,,0.093902,1091
,,,,,,,0.12777,978
,,,,,,,0.133931,691
,,,,,,,0.134167,817
,,,,,,,0.114534,887
,,,,,,,0.068712,1311
,,,,,,,0.127343,917
,,,,,,,0.138284,730
,,,,,,,0.115449,873
,,,,,,,0.137123,761
,,,,,,,0.120023,872
,,,,,,,0.070797,853
,,,,,,,0.132028,706
,,,,,,,0.082535,866
,,,,,,,0.105195,942
,,,,,,,0.112595,915
,,,,,,,0.108224,1065
,,,,,,,0.107084,932
,,,,,,,0.040793,1452
,,,,,,,0.041776,352
,,,,,,,0.106137,1294
,,,,,,,0.07535,5285
,,,,,,,0.076498,1658
,,,,,,,0.072416,1235
,,,,,,,0.123289,1040
,,,,,,,0.091641,922
,,,,,,,0.09728,842
,,,,,,,0.08013,1316
,,,,,,,0.01586,1821
,,,,,,,0.064937,1754
,,,,,,,0.107373,1716
,,,,,,,0.12381,1209
,,,,,,,0.035111,1228
,,,,,,,0.082001,1960
,,,,,,,0.085743,1516
,,,,,,,0.126409,950
,,,,,,,0.112158,1047
,,,,,,,0.083652,1752
,,,,,,,0.11238,1229
,,,,,,,0.143719,1257
,,,,,,,0.082438,313
,,,,,,,0.116807,886
,,,,,,,0.100019,1374
,,,,,,,0.109761,1131
,,,,,,,0.087462,1169
,,,,,,,0.088864,1553
,,,,,,,0.083077,1494
,,,,,,,0.094031,1119
,,,,,,,0.10123,1358
,,,,,,,0.101623,1240
,,,,,,,0.158404,941
,,,,,,,0.134407,1158
,,,,,,,0.099625,1036
,,,,,,,0.09838,1339
,,,,,,,0.070387,1308
,,,,,,,0.100391,830
,,,,,,,0.081546,794
,,,,,,,0.124979,1172
,,,,,,,0.10382,934
,,,,,,,0.012591,101
,,,,,,,0.099366,687
,,,,,,,0.035514,7871
,,,,,,,0.049114,3237
,,,,,,,0.106587,1268
,,,,,,,0.099508,1423
,,,,,,,0.091403,1833
,,,,,,,0.113594,1157
,,,,,,,0.116869,1089
,,,,,,,0.139447,805
,,,,,,,0.120885,1024
,,,,,,,0.100377,1239
,,,,,,,0.073052,1148
,,,,,,,0.095246,1220
,,,,,,,0.097192,987
,,,,,,,0.09195,1058
,,,,,,,0.099374,1115
,,,,,,,0.092541,1157
,,,,,,,0.099376,1140
,,,,,,,0.073054,1856
,,,,,,,0.070685,4778
,,,,,,,0.11531,598
,,,,,,,0.086723,754
,,,,,,,0.122226,884
,,,,,,,0.127018,1351
,,,,,,,0.107058,1188
,,,,,,,0.122057,990
,,,,,,,0.105668,920
,,,,,,,0.089615,835
,,,,,,,0.117594,986
,,,,,,,0.099022,1011
,,,,,,,0.107842,1034
,,,,,,,0.121294,1046
,,,,,,,0.102772,765
,,,,,,,0.099391,1010
,,,,,,,0.074084,1150
,,,,,,,0.138653,884
,,,,,,,0.151569,1022
,,,,,,,0.141619,1150
,,,,,,,0.138394,860
,,,,,,,0.163797,299
,,,,,,,0.131989,668
,,,,,,,0.128349,978
,,,,,,,0.136778,965
,,,,,,,0.185627,1050
,,,,,,,0.130487,1050
,,,,,,,0.107714,948
,,,,,,,0.104096,1174
,,,,,,,0.136154,1669
,,,,,,,0.096559,1276
,,,,,,,0.122584,1354
,,,,,,,0.104534,1365
,,,,,,,0.081812,1004
,,,,,,,0.1598,1235
,,,,,,,0.134992,1007
,,,,,,,0.123939,1803
,,,,,,,0.119556,1471
,,,,,,,0.080769,2279
,,,,,,,0.076817,2668
,,,,,,,0.113438,1816
,,,,,,,0.122488,1076
,,,,,,,0.130707,1080
,,,,,,,0.079723,792
,,,,,,,0.105813,1046
,,,,,,,0.135405,1151
,,,,,,,0.137008,1064
,,,,,,,0.140556,1112
,,,,,,,0.084079,966
,,,,,,,0.135229,1590
,,,,,,,0.110834,1349
,,,,,,,0.136556,1045
,,,,,,,0.126401,1096
,,,,,,,0.13941,853
,,,,,,,0.119478,1105
,,,,,,,0.101224,1830
,,,,,,,0.111894,1225
,,,,,,,0.193316,715
,,,,,,,0.190288,1025
,,,,,,,0.135723,1060
,,,,,,,0.139272,917
,,,,,,,0.177469,827
,,,,,,,0.124182,806
,,,,,,,0.059659,329
,,,,,,,0.095956,2251
,,,,,,,0.105828,1720
,,,,,,,0.113605,1103
,,,,,,,0.105876,1081
,,,,,,,0.17033,1219
,,,,,,,0.166742,1144
,,,,,,,0.171997,1131
,,,,,,,0.147055,1318
,,,,,,,0.121959,1375
,,,,,,,0.128342,1605
,,,,,,,0.141266,1222
,,,,,,,0.117499,1227
,,,,,,,0.0812,1078
,,,,,,,0.104389,787
,,,,,,,0.159145,1430
,,,,,,,0.118362,1417
,,,,,,,0.09726,1374
,,,,,,,0.11149,1022
,,,,,,,0.163943,940
,,,,,,,0.157167,1107
,,,,,,,0.121125,943
,,,,,,,0.05356,217
,,,,,,,0.050751,1192
,,,,,,,0.07244,1559
,,,,,,,0.125543,1172
,,,,,,,0.091172,923
,,,,,,,0.12143,892
,,,,,,,0.103027,627
,,,,,,,0.179086,897
,,,,,,,0.150677,831
,,,,,,,0.131001,717
,,,,,,,0.135315,773
,,,,,,,0.104843,566
,,,,,,,0.099584,808
,,,,,,,0.17978,850
,,,,,,,0.131375,818
,,,,,,,0.123066,744
,,,,,,,0.141634,495
,,,,,,,0.121428,641
,,,,,,,0.102513,881
,,,,,,,0.143246,779
,,,,,,,0.098834,1173
,,,,,,,0.127408,664
,,,,,,,0.06039,705
,,,,,,,0.115877,681
,,,,,,,0.097604,438
,,,,,,,0.057997,865
,,,,,,,0.091058,909
,,,,,,,0.075777,730
,,,,,,,0.101801,714
,,,,,,,0.112741,542
,,,,,,,0.161794,490
,,,,,,,0.142708,676
,,,,,,,0.128261,633
,,,,,,,0.132279,775
,,,,,,,0.081003,529
,,,,,,,0.100337,501
,,,,,,,0.116282,895
,,,,,,,0.088004,822
,,,,,,,0.135068,683
,,,,,,,0.102529,829
,,,,,,,0.129366,771
,,,,,,,0.128828,1082
,,,,,,,0.107928,1415
,,,,,,,0.062346,833
,,,,,,,0.091402,1065
,,,,,,,0.065417,838
,,,,,,,0.079042,1026
,,,,,,,0.05673,767
,,,,,,,0.118805,779
,,,,,,,0.123168,701
,,,,,,,0.098209,524
,,,,,,,0.124264,987
,,,,,,,0.117263,964
,,,,,,,0.080389,679
,,,,,,,0.067748,754
,,,,,,,0.105745,910
,,,,,,,0.077938,1115
,,,,,,,0.086011,1176
,,,,,,,0.058497,1007
,,,,,,,0.09733,1103
,,,,,,,0.07234,888
,,,,,,,0.117541,962
,,,,,,,0.061477,895
,,,,,,,0.05646,1083
,,,,,,,0.106096,1005
,,,,,,,#N/A,#N/A
,,,,,,,#N/A,#N/A
,,,,,,,#N/A,#N/A
,,,,,,,#N/A,#N/A
,,,,,,,#N/A,#N/A
,,,,,,,#N/A,#N/A
,,,,,,,#N/A,#N/A
,,,,,,,#N/A,#N/A
,,,,,,,#N/A,#N/A
,,,,,,,#N/A,#N/A
,,,,,,,#N/A,#N/A
,,,,,,,#N/A,#N/A
,,,,,,,#N/A,#N/A
,,,,,,,#N/A,#N/A
,,,,,,,#N/A,#N/A
,,,,,,,#N/A,#N/A
,,,,,,,#N/A,#N/A
,,,,,,,#N/A,#N/A
,,,,,,,#N/A,#N/A
,,,,,,,#N/A,#N/A
,,,,,,,#N/A,#N/A
,,,,,,,#N/A,#N/A
,,,,,,,#N/A,#N/A
,,,,,,,#N/A,#N/A
,,,,,,,#N/A,#N/A
,,,,,,,#N/A,#N/A
,,,,,,,#N/A,#N/A
,,,,,,,#N/A,#N/A
,,,,,,,#N/A,#N/A
,,,,,,,#N/A,#N/A
,,,,,,,#N/A,#N/A
,,,,,,,#N/A,#N/A
,,,,,,,#N/A,#N/A
,,,,,,,#N/A,#N/A
,,,,,,,#N/A,#N/A
,,,,,,,#N/A,#N/A
,,,,,,,#N/A,#N/A
,,,,,,,#N/A,#N/A
,,,,,,,#N/A,#N/A
,,,,,,,#N/A,#N/A
,,,,,,,#N/A,#N/A
,,,,,,,#N/A,#N/A
,,,,,,,#N/A,#N/A
,,,,,,,#N/A,#N/A
,,,,,,,#N/A,#N/A
,,,,,,,#N/A,#N/A
,,,,,,,#N/A,#N/A
,,,,,,,#N/A,#N/A
,,,,,,,#N/A,#N/A
,,,,,,,#N/A,#N/A
,,,,,,,#N/A,#N/A
,,,,,,,#N/A,#N/A
,,,,,,,#N/A,#N/A
,,,,,,,#N/A,#N/A
,,,,,,,#N/A,#N/A
,,,,,,,#N/A,#N/A
,,,,,,,#N/A,#N/A
,,,,,,,#N/A,#N/A
,,,,,,,#N/A,#N/A
,,,,,,,#N/A,#N/A
,,,,,,,#N/A,#N/A
,,,,,,,#N/A,#N/A
,,,,,,,#N/A,#N/A
,,,,,,,#N/A,#N/A
,,,,,,,#N/A,#N/A
,,,,,,,#N/A,#N/A
,,,,,,,#N/A,#N/A
,,,,,,,#N/A,#N/A
,,,,,,,#N/A,#N/A
,,,,,,,#N/A,#N/A
,,,,,,,#N/A,#N/A
,,,,,,,#N/A,#N/A
,,,,,,,#N/A,#N/A
,,,,,,,#N/A,#N/A
,,,,,,,#N/A,#N/A
,,,,,,,#N/A,#N/A
,,,,,,,#N/A,#N/A
,,,,,,,#N/A,#N/A
,,,,,,,#N/A,#N/A
,,,,,,,#N/A,#N/A
,,,,,,,#N/A,#N/A
,,,,,,,#N/A,#N/A
,,,,,,,#N/A,#N/A
,,,,,,,#N/A,#N/A
,,,,,,,#N/A,#N/A
,,,,,,,#N/A,#N/A
,,,,,,,#N/A,#N/A
,,,,,,,#N/A,#N/A
,,,,,,,#N/A,#N/A
,,,,,,,#N/A,#N/A
,,,,,,,#N/A,#N/A
,,,,,,,#N/A,#N/A
,,,,,,,#N/A,#N/A
,,,,,,,#N/A,#N/A
,,,,,,,#N/A,#N/A
,,,,,,,#N/A,#N/A
,,,,,,,#N/A,#N/A
,,,,,,,#N/A,#N/A
,,,,,,,#N/A,#N/A
,,,,,,,#N/A,#N/A
,,,,,,,#N/A,#N/A
,,,,,,,#N/A,#N/A
,,,,,,,#N/A,#N/A
,,,,,,,#N/A,#N/A
,,,,,,,#N/A,#N/A
,,,,,,,#N/A,#N/A
,,,,,,,#N/A,#N/A
,,,,,,,#N/A,#N/A
,,,,,,,#N/A,#N/A
,,,,,,,#N/A,#N/A
,,,,,,,#N/A,#N/A
,,,,,,,#N/A,#N/A
,,,,,,,#N/A,#N/A
,,,,,,,#N/A,#N/A
,,,,,,,#N/A,#N/A
,,,,,,,#N/A,#N/A
,,,,,,,#N/A,#N/A
,,,,,,,#N/A,#N/A
,,,,,,,#N/A,#N/A
,,,,,,,#N/A,#N/A
,,,,,,,#N/A,#N/A
,,,,,,,#N/A,#N/A
,,,,,,,#N/A,#N/A
,,,,,,,#N/A,#N/A
,,,,,,,#N/A,#N/A
,,,,,,,#N/A,#N/A
,,,,,,,#N/A,#N/A
,,,,,,,#N/A,#N/A
,,,,,,,#N/A,#N/A
,,,,,,,#N/A,#N/A
,,,,,,,#N/A,#N/A
,,,,,,,#N/A,#N/A
,,,,,,,#N/A,#N/A
,,,,,,,#N/A,#N/A
,,,,,,,#N/A,#N/A
,,,,,,,#N/A,#N/A
,,,,,,,#N/A,#N/A
,,,,,,,#N/A,#N/A
,,,,,,,#N/A,#N/A
,,,,,,,#N/A,#N/A
,,,,,,,#N/A,#N/A
,,,,,,,#N/A,#N/A
,,,,,,,#N/A,#N/A
,,,,,,,#N/A,#N/A
,,,,,,,#N/A,#N/A
,,,,,,,#N/A,#N/A
,,,,,,,#N/A,#N/A
,,,,,,,#N/A,#N/A
,,,,,,,#N/A,#N/A
,,,,,,,#N/A,#N/A
,,,,,,,#N/A,#N/A
,,,,,,,#N/A,#N/A
,,,,,,,#N/A,#N/A
,,,,,,,#N/A,#N/A
,,,,,,,#N/A,#N/A
,,,,,,,#N/A,#N/A
,,,,,,,#N/A,#N/A
,,,,,,,#N/A,#N/A
,,,,,,,#N/A,#N/A
,,,,,,,#N/A,#N/A
,,,,,,,#N/A,#N/A
,,,,,,,#N/A,#N/A
,,,,,,,#N/A,#N/A
,,,,,,,#N/A,#N/A
,,,,,,,#N/A,#N/A
,,,,,,,#N/A,#N/A
,,,,,,,#N/A,#N/A
,,,,,,,#N/A,#N/A
,,,,,,,#N/A,#N/A
,,,,,,,#N/A,#N/A
,,,,,,,#N/A,#N/A
,,,,,,,#N/A,#N/A
,,,,,,,#N/A,#N/A
,,,,,,,#N/A,#N/A
,,,,,,,#N/A,#N/A
,,,,,,,#N/A,#N/A
,,,,,,,#N/A,#N/A
,,,,,,,#N/A,#N/A
,,,,,,,#N/A,#N/A
,,,,,,,#N/A,#N/A
,,,,,,,#N/A,#N/A
,,,,,,,#N/A,#N/A
,,,,,,,#N/A,#N/A
,,,,,,,#N/A,#N/A
,,,,,,,#N/A,#N/A
,,,,,,,#N/A,#N/A
,,,,,,,#N/A,#N/A
,,,,,,,#N/A,#N/A
,,,,,,,#N/A,#N/A
,,,,,,,#N/A,#N/A
,,,,,,,#N/A,#N/A
,,,,,,,#N/A,#N/A
,,,,,,,#N/A,#N/A
,,,,,,,#N/A,#N/A
,,,,,,,#N/A,#N/A
,,,,,,,#N/A,#N/A
,,,,,,,#N/A,#N/A
,,,,,,,#N/A,#N/A
,,,,,,,#N/A,#N/A
,,,,,,,#N/A,#N/A
,,,,,,,#N/A,#N/A
,,,,,,,#N/A,#N/A
,,,,,,,#N/A,#N/A
,,,,,,,#N/A,#N/A
,,,,,,,#N/A,#N/A
,,,,,,,#N/A,#N/A
,,,,,,,#N/A,#N/A
,,,,,,,#N/A,#N/A
,,,,,,,#N/A,#N/A
,,,,,,,#N/A,#N/A
,,,,,,,#N/A,#N/A
,,,,,,,#N/A,#N/A
,,,,,,,#N/A,#N/A
,,,,,,,#N/A,#N/A
,,,,,,,#N/A,#N/A
,,,,,,,#N/A,#N/A
,,,,,,,#N/A,#N/A
,,,,,,,#N/A,#N/A
,,,,,,,#N/A,#N/A
,,,,,,,#N/A,#N/A
,,,,,,,#N/A,#N/A
,,,,,,,#N/A,#N/A
,,,,,,,#N/A,#N/A
,,,,,,,#N/A,#N/A
,,,,,,,#N/A,#N/A
,,,,,,,#N/A,#N/A
,,,,,,,#N/A,#N/A
,,,,,,,#N/A,#N/A
,,,,,,,#N/A,#N/A
,,,,,,,#N/A,#N/A
,,,,,,,#N/A,#N/A
,,,,,,,#N/A,#N/A
,,,,,,,#N/A,#N/A
,,,,,,,#N/A,#N/A
,,,,,,,#N/A,#N/A
,,,,,,,#N/A,#N/A
,,,,,,,#N/A,#N/A
,,,,,,,#N/A,#N/A
,,,,,,,#N/A,#N/A
,,,,,,,#N/A,#N/A
,,,,,,,#N/A,#N/A
,,,,,,,#N/A,#N/A
,,,,,,,#N/A,#N/A
,,,,,,,#N/A,#N/A
,,,,,,,#N/A,#N/A
,,,,,,,#N/A,#N/A
,,,,,,,#N/A,#N/A
,,,,,,,#N/A,#N/A
,,,,,,,#N/A,#N/A
,,,,,,,#N/A,#N/A
,,,,,,,#N/A,#N/A
,,,,,,,#N/A,#N/A
,,,,,,,#N/A,#N/A
,,,,,,,#N/A,#N/A
,,,,,,,#N/A,#N/A
,,,,,,,#N/A,#N/A
,,,,,,,#N/A,#N/A
,,,,,,,#N/A,#N/A
,,,,,,,#N/A,#N/A
,,,,,,,#N/A,#N/A
,,,,,,,#N/A,#N/A
,,,,,,,#N/A,#N/A
,,,,,,,#N/A,#N/A
,,,,,,,#N/A,#N/A
,,,,,,,#N/A,#N/A
,,,,,,,#N/A,#N/A